journal,url,publisher,date
Asian Food Science Journal,https://www.journalafjs.com,Sciencedomain International,2022-08-12
Asian Journal of Advances in Agricultural Research,https://www.journalajaar.com,Sciencedomain International,2022-08-12
Asian Journal of Agricultural and Horticultural Research,https://www.journalajagr.com,Sciencedomain International,2022-08-12
Asian Journal of Fisheries and Aquatic Research,https://www.journalajafar.com,Sciencedomain International,2022-08-12
Asian Journal of Research in Agriculture and Forestry,https://www.journalajraf.com,Sciencedomain International,2022-08-12
Asian Journal of Research in Animal and Veterinary Sciences,https://www.journalajarvs.com,Sciencedomain International,2022-08-12
Asian Journal of Research in Crop Science,https://www.journalajrcs.com,Sciencedomain International,2022-08-12
Asian Journal of Soil Science and Plant Nutrition,https://www.journalajsspa.com,Sciencedomain International,2022-08-12
Asian Plant Research Journal,https://www.journalaprj.com,Sciencedomain International,2022-08-12
Asian Research Journal of Agriculture,https://www.journalarja.com,Sciencedomain International,2022-08-12
Asian Soil Research Journal,https://www.journalasrj.com,Sciencedomain International,2022-08-12
European Journal of Nutrition & Food Safety,https://www.journalejnfs.com,Sciencedomain International,2022-08-12
International Journal of Plant & Soil Science,https://www.journalijpss.com,Sciencedomain International,2022-08-12
Journal of Agriculture and Ecology Research International,https://www.journaljaeri.com,Sciencedomain International,2022-08-12
Journal of Experimental Agriculture International,https://www.journaljeai.com,Sciencedomain International,2022-08-12
"Asian Journal of Agricultural Extension, Economics & Sociology",https://www.journalajaees.com,Sciencedomain International,2022-08-12
Asian Journal of Food Research and Nutrition,https://www.journalajfrn.com,Sciencedomain International,2022-08-12
Annual Research & Review in Biology,https://www.journalarrb.com,Sciencedomain International,2022-08-12
"Asian Journal of Biochemistry, Genetics and Molecular Biology",https://www.journalajbgmb.com,Sciencedomain International,2022-08-12
Asian Journal of Biology,https://www.journalajob.com,Sciencedomain International,2022-08-12
Asian Journal of Biotechnology and Bioresource Technology,https://www.journalajb2t.com,Sciencedomain International,2022-08-12
Asian Journal of Biotechnology and Genetic Engineering,https://www.journalajbge.com,Sciencedomain International,2022-08-12
Asian Journal of Research in Biochemistry,https://www.journalajrb.com,Sciencedomain International,2022-08-12
Asian Journal of Research in Botany,https://www.journalajrib.com,Sciencedomain International,2022-08-12
Asian Journal of Research in Zoology,https://www.journalajriz.com,Sciencedomain International,2022-08-12
Biotechnology Journal International,https://www.journalbji.com,Sciencedomain International,2022-08-12
International Journal of Biochemistry Research & Review,https://www.journaljbcrr.com,Sciencedomain International,2022-08-12
International Journal of Pathogen Research,https://www.journalijpr.com,Sciencedomain International,2022-08-12
Journal of Advances in Microbiology,https://www.journaljamb.com,Sciencedomain International,2022-08-12
Journal of Advances in Biology & Biotechnology,https://www.journaljabb.com,Sciencedomain International,2022-08-12
Journal of Applied Life Sciences International,https://www.journaljalsi.com,Sciencedomain International,2022-08-12
Microbiology Research Journal International,https://www.journalmrji.com,Sciencedomain International,2022-08-12
South Asian Journal of Parasitology,https://www.journalsajp.com,Sciencedomain International,2022-08-12
South Asian Journal of Research in Microbiology,https://www.journalsajrm.com,Sciencedomain International,2022-08-12
Asian Journal of Applied Chemistry Research,https://www.journalajacr.com,Sciencedomain International,2022-08-12
Asian Journal of Chemical Sciences,https://www.journalajocs.com,Sciencedomain International,2022-08-12
Chemical Science International Journal,https://www.journalcsij.com,Sciencedomain International,2022-08-12
International Research Journal of Pure and Applied Chemistry,https://www.journalirjpca.com,Sciencedomain International,2022-08-12
South Asian Research Journal of Natural Products,https://www.journalsarjnp.com,Sciencedomain International,2022-08-12
Asian Journal of Research in Computer Science,https://www.journalajrcos.com,Sciencedomain International,2022-08-12
Journal of Energy Research and Reviews,https://www.journaljenrr.com,Sciencedomain International,2022-08-12
Journal of Engineering Research and Reports,https://www.journaljerr.com,Sciencedomain International,2022-08-12
Asian Journal of Environment & Ecology,https://www.journalajee.com,Sciencedomain International,2022-08-12
Asian Journal of Geographical Research,https://www.journalajgr.com,Sciencedomain International,2022-08-12
Asian Journal of Geological Research,https://www.journalajoger.com,Sciencedomain International,2022-08-12
International Journal of Environment and Climate Change,https://www.journalijecc.com,Sciencedomain International,2022-08-12
"Journal of Geography, Environment and Earth Science International",https://www.journaljgeesi.com,Sciencedomain International,2022-08-12
Journal of Materials Science Research and Reviews,https://www.journaljmsrr.com,Sciencedomain International,2022-08-12
Asian Journal of Probability and Statistics,https://www.journalajpas.com,Sciencedomain International,2022-08-12
Asian Research Journal of Mathematics,https://www.journalarjom.com,Sciencedomain International,2022-08-12
Journal of Advances in Mathematics and Computer Science,https://www.journaljamcs.com,Sciencedomain International,2022-08-12
Asian Journal of Cardiology Research,https://www.journalajcr.com,Sciencedomain International,2022-08-12
Asian Journal of Case Reports in Medicine and Health,https://www.journalajcrmh.com,Sciencedomain International,2022-08-12
Asian Journal of Case Reports in Surgery,https://www.journalajcrs.com,Sciencedomain International,2022-08-12
Asian Journal of Dental Sciences,https://www.journalajds.com,Sciencedomain International,2022-08-12
Asian Journal of Immunology,https://www.journalaji.com,Sciencedomain International,2022-08-12
Asian Journal of Medical Principles and Clinical Practice,https://www.journalajmpcp.com,Sciencedomain International,2022-08-12
Asian Journal of Medicine and Health,https://www.journalajmha.com,Sciencedomain International,2022-08-12
Asian Journal of Orthopaedic Research,https://www.journalajorr.com,Sciencedomain International,2022-08-12
Asian Journal of Pediatric Research,https://www.journalajpr.com,Sciencedomain International,2022-08-12
Asian Journal of Research and Reports in Endocrinology,https://www.journalajrre.com,Sciencedomain International,2022-08-12
Asian Journal of Research and Reports in Gastroenterology,https://www.journalajrrea.com,Sciencedomain International,2022-08-12
Asian Journal of Research and Reports in Hepatology,https://www.journalajrrhe.com,Sciencedomain International,2022-08-12
Asian Journal of Research and Reports in Neurology,https://www.journalajorrin.com,Sciencedomain International,2022-08-12
Asian Journal of Research and Reports in Ophthalmology,https://www.journalajrrop.com,Sciencedomain International,2022-08-12
Asian Journal of Research and Reports in Urology,https://www.journalajrru.com,Sciencedomain International,2022-08-12
Asian Journal of Research in Dermatological Science,https://www.journalajrdes.com,Sciencedomain International,2022-08-12
Asian Journal of Research in Infectious Diseases,https://www.journalajrid.com,Sciencedomain International,2022-08-12
Asian Journal of Research in Medical and Pharmaceutical Sciences,https://www.journalajrimps.com,Sciencedomain International,2022-08-12
Asian Journal of Research in Nephrology,https://www.journalajrn.com,Sciencedomain International,2022-08-12
Asian Journal of Research in Nursing and Health,https://www.journalajrnh.com,Sciencedomain International,2022-08-12
Asian Journal of Research in Surgery,https://www.journalajrs.com,Sciencedomain International,2022-08-12
Asian Oncology Research Journal,https://www.journalaorj.com,Sciencedomain International,2022-08-12
Asian Research Journal of Gynaecology and Obstetrics,https://www.journalarjgo.com,Sciencedomain International,2022-08-12
Cardiology and Angiology: An International Journal,https://www.journalca.com,Sciencedomain International,2022-08-12
European Journal of Medicinal Plants,https://www.journalejmp.com,Sciencedomain International,2022-08-12
International Blood Research & Reviews,https://www.journalibrr.com,Sciencedomain International,2022-08-12
International Journal of Advances in Nephrology Research,https://www.journalijanr.com,Sciencedomain International,2022-08-12
International Journal of Medical and Pharmaceutical Case Reports,https://www.journalijmpcr.com,Sciencedomain International,2022-08-12
Asian Journal of Research in Cardiovascular Diseases,https://www.journalijrrc.com,Sciencedomain International,2022-08-12
International Journal of Research and Reports in Dentistry,https://www.journalijrrd.com,Sciencedomain International,2022-08-12
International Journal of Research and Reports in Gynaecology,https://www.journalijrrgy.com,Sciencedomain International,2022-08-12
International Journal of Research and Reports in Hematology,https://www.journalijr2h.com,Sciencedomain International,2022-08-12
International Journal of TROPICAL DISEASE & Health,https://www.journalijtdh.com,Sciencedomain International,2022-08-12
International Neuropsychiatric Disease Journal,https://www.journalindj.com,Sciencedomain International,2022-08-12
International Research Journal of Gastroenterology and Hepatology,https://www.journalirjgh.com,Sciencedomain International,2022-08-12
International Research Journal of Oncology,https://www.journalirjo.com,Sciencedomain International,2022-08-12
International STD Research & Reviews,https://www.journali-srr.com,Sciencedomain International,2022-08-12
Journal of Advances in Medical and Pharmaceutical Sciences,https://www.journaljamps.com,Sciencedomain International,2022-08-12
Journal of Advances in Medicine and Medical Research,https://www.journaljammr.com,Sciencedomain International,2022-08-12
Journal of Cancer and Tumor International,https://www.journaljcti.com,Sciencedomain International,2022-08-12
Journal of Complementary and Alternative Medical Research,https://www.journaljocamr.com,Sciencedomain International,2022-08-12
Journal of Pharmaceutical Research International,https://www.journaljpri.com,Sciencedomain International,2022-08-12
Ophthalmology Research: An International Journal,https://www.journalor.com,Sciencedomain International,2022-08-12
Advances in Research,https://www.journalair.com,Sciencedomain International,2022-08-12
Archives of Current Research International,https://www.journalacri.com,Sciencedomain International,2022-08-12
Asian Journal of Advanced Research and Reports,https://www.journalajarr.com,Sciencedomain International,2022-08-12
Current Journal of Applied Science and Technology,https://www.journalcjast.com,Sciencedomain International,2022-08-12
Journal of Scientific Research and Reports,https://www.journaljsrr.com,Sciencedomain International,2022-08-12
Asian Journal of Physical and Chemical Sciences,https://www.journalajopacs.com,Sciencedomain International,2022-08-12
Asian Journal of Research and Reviews in Physics,https://www.journalajr2p.com,Sciencedomain International,2022-08-12
International Astronomy and Astrophysics Research Journal,https://www.journaliarrj.com,Sciencedomain International,2022-08-12
Physical Science International Journal,https://www.journalpsij.com,Sciencedomain International,2022-08-12
South Asian Research Journal of Natural Products,https://www.journalsarjnp01.com,Sciencedomain International,2022-08-12
"Asian Journal of Agricultural Extension, Economics & Sociology",https://www.journalajaees01.com,Sciencedomain International,2022-08-12
"Asian Journal of Economics, Business and Accounting",https://www.journalajeba.com,Sciencedomain International,2022-08-12
Asian Journal of Education and Social Studies,https://www.journalajess.com,Sciencedomain International,2022-08-12
"Asian Journal of Language, Literature and Culture Studies",https://www.journalaji2c.com,Sciencedomain International,2022-08-12
Asian Research Journal of Arts & Social Sciences,https://www.journalarjass.com,Sciencedomain International,2022-08-12
"Journal of Economics, Management and Trade",https://www.journaljemt.com,Sciencedomain International,2022-08-12
"Journal of Education, Society and Behavioural Science",https://www.journaljesbs.com,Sciencedomain International,2022-08-12
South Asian Journal of Social Studies and Economics,https://www.journalsajsse.com,Sciencedomain International,2022-08-12
